{
    "CA1_PC_cAC_sig": {
        "step_-0.8": {
            "stimuli": [
                {
                    "delay": 531.0, 
                    "amp": -0.8, 
                    "duration": 400.0, 
                    "totduration": 1131.0
                }, 
                {
                    "delay": 0.0, 
                    "amp": 0.0, 
                    "duration": 1131.0, 
                    "totduration": 1131.0
                }
            ]
        }, 
        "step_-0.6": {
            "stimuli": [
                {
                    "delay": 531.0, 
                    "amp": -0.6, 
                    "duration": 400.0, 
                    "totduration": 1131.0
                }, 
                {
                    "delay": 0.0, 
                    "amp": 0.0, 
                    "duration": 1131.0, 
                    "totduration": 1131.0
                }
            ]
        }, 
        "step_-0.2": {
            "stimuli": [
                {
                    "delay": 531.0, 
                    "amp": -0.2, 
                    "duration": 400.0, 
                    "totduration": 1131.0
                }, 
                {
                    "delay": 0.0, 
                    "amp": 0.0, 
                    "duration": 1131.0, 
                    "totduration": 1131.0
                }
            ]
        }, 
        "step_0.2": {
            "stimuli": [
                {
                    "delay": 531.0, 
                    "amp": 0.2, 
                    "duration": 400.0, 
                    "totduration": 1131.0
                }, 
                {
                    "delay": 0.0, 
                    "amp": 0.0, 
                    "duration": 1131.0, 
                    "totduration": 1131.0
                }
            ]
        }, 
        "step_0.4": {
            "stimuli": [
                {
                    "delay": 531.0, 
                    "amp": 0.4, 
                    "duration": 400.0, 
                    "totduration": 1131.0
                }, 
                {
                    "delay": 0.0, 
                    "amp": 0.0, 
                    "duration": 1131.0, 
                    "totduration": 1131.0
                }
            ]
        }, 
        "step_0.6": {
            "stimuli": [
                {
                    "delay": 531.0, 
                    "amp": 0.6, 
                    "duration": 400.0, 
                    "totduration": 1131.0
                }, 
                {
                    "delay": 0.0, 
                    "amp": 0.0, 
                    "duration": 1131.0, 
                    "totduration": 1131.0
                }
            ]
        }, 
        "step_0.8": {
            "stimuli": [
                {
                    "delay": 531.0, 
                    "amp": 0.8, 
                    "duration": 400.0, 
                    "totduration": 1131.0
                }, 
                {
                    "delay": 0.0, 
                    "amp": 0.0, 
                    "duration": 1131.0, 
                    "totduration": 1131.0
                }
            ]
        }, 
        "step_1.0": {
            "stimuli": [
                {
                    "delay": 531.0, 
                    "amp": 1.0, 
                    "duration": 400.0, 
                    "totduration": 1131.0
                }, 
                {
                    "delay": 0.0, 
                    "amp": 0.0, 
                    "duration": 1131.0, 
                    "totduration": 1131.0
                }
            ]
        }
    }
}