{
"INT_cAC_noljp": {
    "mechanisms": {
        "all":      ["pas","kdrb", "nax", "kap"],
        "somatic":  ["kdb","kmb"],
        "axonal":   ["kmb"],
        "allnoaxon":["hd", "can", "cal", "cat", "kca", "cacumb","cagk"]
    },
    "distributions": {
    },
    "fixed": {
        "global":    [["v_init", -80], ["celsius", 34]],
        "all":       [["cm", 1, "secvar"],["ena", 50, "secvar"],["ek", -90, "secvar"]]
    },
    "optimized": {
         "all": [
        ],
         "axonal": [
            ["gbar_nax", 0.025, 0.15, "uniform" ],
            ["gkdrbar_kdrb", 0.01, 0.08, "uniform" ],
            ["gkabar_kap", 0.001, 0.04, "uniform" ],
            ["gbar_kmb", 0.004, 0.05, "uniform" ],
            ["Ra", 50, 300, "secvar"],
            ["g_pas", 1e-6, 8e-5, "uniform" ],
            ["e_pas", -95, -75, "uniform" ]
        ],
        "somatic": [
            ["gbar_nax", 0.01, 0.1, "uniform" ],
            ["gkdrbar_kdrb", 0.001, 0.08, "uniform" ],
            ["gkabar_kap", 0.005, 0.04, "uniform" ],
            ["gkdbar_kdb", 1e-5, 10e-5, "uniform" ],
            ["gbar_kmb", 0.001, 0.02, "uniform" ]
        ],
        "allnoaxon": [
            ["ghdbar_hd", 1e-6, 5e-4, "uniform" ],
            ["gcalbar_cal", 0.1e-5, 3e-5, "uniform" ],
            ["gcanbar_can", 0.1e-5, 3e-5, "uniform" ],
            ["gcatbar_cat", 0.1e-5, 3e-5, "uniform" ],
			      ["gbar_kca", 1e-6, 1e-5, "uniform" ],
			      ["gbar_cagk", 0.5e-5, 3e-4, "uniform" ],
		      	["Ra", 50, 400, "secvar"],
            ["g_pas", 1e-6, 20e-5, "uniform" ],
            ["e_pas", -100, -50, "uniform" ]
        ],
        "alldend": [
            ["gbar_nax", 0.005, 0.05, "uniform" ],
            ["gkdrbar_kdrb", 0.001, 0.8, "uniform" ],
            ["gkabar_kap", 0.001, 0.1, "uniform" ]
        ]
    }
}
}
