{
"INT_cAC_noljp": {
    "mechanisms": {
        "all":      ["pas","kdr", "nax", "kap"],
        "somatic":  ["kd","kmb"],
        "axonal":   ["kmb"],
        "allnoaxon":["hd", "can", "cal", "cat", "KahpM95", "cacum","cagk"]
    },
    "distributions": {
    },
    "fixed": {
        "global":    [["v_init", -80], ["celsius", 34]],
        "all":       [["cm", 1, "secvar"],["ena", 50, "secvar"],["ek", -90, "secvar"]]
    },
    "optimized": {
         "all": [
            ["gkabar_kap", 0.01, 0.1, "uniform" ]
        ],
         "axonal": [
            ["gbar_nax", 0.025, 0.2, "uniform" ],
            ["gkdrbar_kdr", 0.01, 0.8, "uniform" ],
            ["gbar_kmb", 0.0009, 0.09, "uniform" ],
            ["Ra", 50, 300, "secvar"],
            ["g_pas", 1e-5, 6e-5, "uniform" ],
            ["e_pas", -85, -75, "uniform" ]
        ],
        "somatic": [
            ["gkdbar_kd", 0.0, 1.5e-4, "uniform" ],
		      	["gbar_kmb", 0.0003, 0.03, "uniform" ]
        ],
        "allnoaxon": [
            ["gbar_nax", 0.005, 0.08, "uniform" ],
            ["gkdrbar_kdr", 0.01, 0.8, "uniform" ],
            ["ghdbar_hd", 0.00005, 0.0005, "uniform" ],
            ["gcalbar_cal", 0.5e-5, 3e-5, "uniform" ],
            ["gcanbar_can", 0.5e-5, 3e-5, "uniform" ],
            ["gcatbar_cat", 0.5e-5, 3e-5, "uniform" ],
			      ["gbar_KahpM95", 0, 2e-5, "uniform" ],
			      ["gbar_cagk", 0.00001, 0.0005, "uniform" ],
		        ["Ra", 100, 400, "secvar"],
            ["g_pas", 1e-5, 6e-5, "uniform" ],
            ["e_pas", -100, -80, "uniform" ]
        ]
    }
}
}
