{
"CA1_PC_cAC_sig": {
    "mechanisms": {
        "all":      ["pas","kdr","nax"],
        "axonal":   ["kmb", "kap"],
        "somatic":  ["kmb", "kap", "hd", "can", "cal", "cat", "kca", "cagk", "cacum"],
        "alldend":    ["kad", "hd", "can", "cal", "cat", "kca", "cagk", "cacum"]
    },
    "distributions": {
        "linear_hd_apic":  "(1. + 3./100. * {distance})*{value}",
        "sigmoid_kad_apic": "(15./(1. + math.exp((300-{distance})/50)))*{value}",
	    	"linear_e_pas_apic": "({value}-5*{distance}/150)"
    },
    "fixed": {
        "global":   [["v_init", -70], ["celsius", 34]],
        "all":      [["cm", 1, "secvar"], ["ena", 50, "secvar"], ["ek", -90, "secvar"]]
    },
    "optimized": {
        "axonal": [
            ["gbar_nax", 0.1, 0.4, "uniform" ],
            ["gkdrbar_kdr", 0.01, 0.04, "uniform" ],
            ["gbar_kmb", 0.002, 0.06, "uniform" ],
            ["gkabar_kap", 0.025, 0.3, "uniform" ],
            ["Ra", 50, 100, "secvar"],
            ["g_pas", 2e-5, 20e-5, "uniform" ],
            ["e_pas", -80, -60, "uniform" ]
        ],
        "somatic": [
            ["gkabar_kap", 0.025, 0.1, "uniform" ],
            ["gbar_kmb", 0.0015, 0.06, "uniform" ]
        ],
        "allnoaxon": [
            ["gkdrbar_kdr", 0.001, 0.008, "uniform" ],
            ["gbar_nax", 0.02, 0.08, "uniform" ],
            ["ghdbar_hd", 0.000005, 0.00002, "linear_hd_apic" ],
            ["gcalbar_cal", 0.1e-5, 2e-5, "uniform" ],
            ["gcanbar_can", 0.1e-5, 2e-5, "uniform" ],
            ["gcatbar_cat", 0.1e-5, 2e-5, "uniform" ],
			      ["gbar_kca", 0.2e-4, 2e-4, "uniform" ],
			      ["gbar_cagk", 0.1e-5, 4e-4, "uniform" ],
		      	["Ra", 100, 400, "secvar"],
            ["g_pas", 0.5e-5, 10e-5, "uniform" ],
            ["e_pas", -80, -65, "linear_e_pas_apic" ]
        ],
        "alldend": [
            ["gkabar_kad", 0.005, 0.05, "sigmoid_kad_apic" ]
        ]
    }
}
}
