{
"bACnoljp": {
    "mechanisms": {
        "all":      ["pas","kdrb", "na3", "kap"],
        "somatic":  ["kdb", "kmb"],
        "allnoaxon":["hd", "can", "cal", "cat", "cagk", "KahpM95", "cacum"]
    },
    "distributions": {
    },
    "fixed": {
        "global":    [["v_init", -80], ["celsius", 34]],
        "all":       [["cm", 1, "secvar"],["ena", 50, "secvar"],["ek", -90, "secvar"]]
    },
    "optimized": {
         "all": [
            ["gkdrbar_kdrb", 0.01, 0.04, "uniform" ],
            ["gkabar_kap", 0.005, 0.04, "uniform" ]
        ],
         "axonal": [
            ["gbar_na3", 0.025, 0.15, "uniform" ],
            ["Ra", 50, 300, "secvar"],
            ["g_pas", 1e-5, 6e-5, "uniform" ],
            ["e_pas", -85, -75, "uniform" ]
        ],
        "somatic": [
            ["gkdbar_kdb", 0.0, 1e-4, "uniform" ],
            ["gbar_kmb", 0.004, 0.02, "uniform" ]
        ],
        "allnoaxon": [
            ["gbar_na3", 0.005, 0.03, "uniform" ],
            ["ghdbar_hd", 0.000005, 0.0002, "uniform" ],
            ["gcalbar_cal", 0.5e-5, 3e-5, "uniform" ],
            ["gcanbar_can", 0.5e-5, 3e-5, "uniform" ],
            ["gcatbar_cat", 0.5e-5, 3e-5, "uniform" ],
			      ["gbar_KahpM95", 0, 2e-5, "uniform" ],
			      ["gbar_cagk", 0.5e-5, 1e-4, "uniform" ],
		      	["Ra", 100, 400, "secvar"],
            ["g_pas", 1e-5, 6e-5, "uniform" ],
            ["e_pas", -100, -80, "uniform" ]
        ]
    }
}
}