{
"bACnoljp": {
    "mechanisms": {
        "all":      ["pas", "na3"],
        "somatic":  ["kap", "kdrb", "kdb", "kmb","hd", "can", "cal", "cat", "cagk", "KahpM95", "cacum"],
        "axonal":   ["kap", "kdrb"],
        "alldend":  ["kap", "kdrb", "hd", "can", "cal", "cat", "cagk", "KahpM95", "cacum"]
    },
    "distributions": {
        "linear_e_pas_apic": "({value}-5*{distance}/150)"
    },
    "fixed": {
        "global":    [["v_init", -80], ["celsius", 34]],
        "all":       [["cm", 1, "secvar"],["ena", 50, "secvar"],["ek", -90, "secvar"]]
    },
    "optimized": {
         "axonal": [
            ["gkdrbar_kdrb", 1.2, 4.8, "uniform" ],
            ["gkabar_kap", 0.08, 0.3, "uniform" ],
            ["gbar_na3", 0.025, 0.15, "uniform" ],
            ["Ra", 50, 300, "secvar"],
            ["g_pas", 1e-5, 6e-5, "uniform" ],
            ["e_pas", -100, -65, "uniform" ]
        ],
        "somatic": [
            ["gkdbar_kdb", 0.0, 1e-4, "uniform" ],
            ["gbar_kmb", 0.004, 0.02, "uniform" ],
            ["gkdrbar_kdrb", 0.16, 1.0, "uniform" ],
            ["gkabar_kap", 0.08, 0.3, "uniform" ]

        ],
        "allnoaxon": [
            ["gbar_na3", 0.005, 0.03, "uniform" ],
            ["ghdbar_hd", 0.000005, 0.0002, "uniform" ],
            ["gcalbar_cal", 0.5e-5, 2e-5, "uniform" ],
            ["gcanbar_can", 0.5e-5, 2e-5, "uniform" ],
            ["gcatbar_cat", 0.5e-5, 2e-5, "uniform" ],
			      ["gbar_KahpM95", 0, 2e-5, "uniform" ],
			      ["gbar_cagk", 0.5e-5, 1e-4, "uniform" ],
		      	["Ra", 100, 400, "secvar"],
            ["g_pas", 1e-5, 6e-5, "uniform" ],
            ["e_pas", -100, -65, "linear_e_pas_apic"]
        ],
        "alldend": [
            ["gkdrbar_kdrb", 0.01, 0.04, "uniform" ],
            ["gkabar_kap", 0.025, 0.1, "uniform" ]
        ]
        
    }
}
}